firstName,lastName,email,phone
Toni,Pearse,tpearse0@microsoft.com,+62 (548) 189-1430
Portia,Nial,pnial1@gravatar.com,+62 (599) 679-6894
Jaclin,Lude,jlude2@ucoz.com,+7 (949) 191-5761
Inez,Alred,ialred3@shutterfly.com,+248 (376) 761-5399
Austina,Leaburn,aleaburn4@nbcnews.com,+54 (436) 622-8552
Langsdon,Bonsey,lbonsey5@google.ru,+86 (376) 577-5507
Daisie,Cowton,dcowton6@telegraph.co.uk,+62 (321) 404-1694
Inger,Tale,itale7@163.com,+62 (162) 103-8210
Nalani,Playdon,nplaydon8@w3.org,+63 (601) 446-5077
Rebecca,Janczyk,rjanczyk9@joomla.org,+86 (366) 519-6106
Caria,Errol,cerrola@wired.com,+86 (947) 492-5910
Jefferson,Grinikhin,jgrinikhinb@wikimedia.org,+84 (327) 426-8474
Page,Flett,pflettc@cbslocal.com,+55 (637) 714-0851
Abran,Grimoldby,agrimoldbyd@mayoclinic.com,+358 (122) 916-9579
Lil,Marchiso,lmarchisoe@friendfeed.com,+62 (766) 189-9152
Bradford,McCabe,bmccabef@examiner.com,+63 (926) 374-0888
Bernie,Glowinski,bglowinskig@time.com,+62 (610) 172-2012
Mickie,Cavill,mcavillh@hibu.com,+420 (890) 149-1541
Nyssa,Cremer,ncremeri@amazon.co.jp,+92 (223) 118-8264
Wynny,Strawbridge,wstrawbridgej@wix.com,+234 (549) 152-6058
Marcela,Cootes,mcootesk@fc2.com,+86 (994) 354-0349
Ira,Hurche,ihurchel@instagram.com,+977 (792) 720-4694
Addy,Mathwen,amathwenm@youtube.com,+86 (232) 312-3045
Domingo,Sprackling,dspracklingn@bigcartel.com,+86 (959) 155-9221
Koral,Bavister,kbavistero@hostgator.com,+502 (495) 235-4420
Sherie,Johann,sjohannp@yandex.ru,+54 (866) 852-1726
Weber,Willmer,wwillmerq@is.gd,+86 (450) 176-9865
Fredrika,Jellard,fjellardr@bluehost.com,+62 (285) 393-6868
Normie,Gouldstone,ngouldstones@pinterest.com,+63 (677) 367-8489
Romona,Clews,rclewst@youku.com,+86 (625) 913-9756
Amitie,Dowbiggin,adowbigginu@ucoz.ru,+92 (433) 167-7687
Minnaminnie,Bodycomb,mbodycombv@tmall.com,+86 (592) 491-4623
Ervin,Moodie,emoodiew@flavors.me,+48 (759) 493-3681
Cynde,Wisker,cwiskerx@washingtonpost.com,+967 (199) 491-7641
Murial,Sneezum,msneezumy@hibu.com,+351 (606) 641-5534
Maurise,Aggas,maggasz@indiegogo.com,+62 (377) 163-0698
Crissie,Terzza,cterzza10@bing.com,+63 (795) 904-9085
Janella,Chinery,jchinery11@printfriendly.com,+46 (182) 459-2866
Farlie,McCree,fmccree12@taobao.com,+385 (281) 571-0916
Fraser,Stringman,fstringman13@eepurl.com,+48 (424) 972-4260
Eldon,Frodsam,efrodsam14@wix.com,+886 (930) 885-1130
Jessy,Crigin,jcrigin15@businessinsider.com,+420 (938) 188-6671
Roldan,Bahia,rbahia16@ebay.com,+63 (694) 165-8567
Israel,Sworne,isworne17@weibo.com,+93 (467) 183-1594
Nealson,Heisham,nheisham18@reference.com,+966 (404) 269-9511
Alyson,Cockley,acockley19@hc360.com,+51 (510) 851-5729
Crin,Blackston,cblackston1a@youtu.be,+30 (377) 387-9010
Carina,Curtoys,ccurtoys1b@wordpress.com,+63 (159) 702-6418
Joletta,Gerardot,jgerardot1c@walmart.com,+86 (425) 497-6135
Marcel,Consterdine,mconsterdine1d@sun.com,+62 (384) 274-1877
Quillan,Madine,qmadine1e@joomla.org,+48 (923) 722-4371
Esmaria,Sharply,esharply1f@goo.ne.jp,+7 (512) 636-8473
Jammie,Dantesia,jdantesia1g@un.org,+49 (132) 117-3182
Ronalda,Lohden,rlohden1h@rambler.ru,+46 (608) 196-1929
Jeannette,Egalton,jegalton1i@dailymotion.com,+33 (617) 453-7484
Margy,Brabin,mbrabin1j@plala.or.jp,+62 (257) 679-7554
Suellen,Caswell,scaswell1k@nsw.gov.au,+353 (729) 311-7019
Gustave,Mearing,gmearing1l@uiuc.edu,+48 (514) 989-0351
Rhonda,Paumier,rpaumier1m@geocities.com,+48 (315) 186-6912
Mirabel,Jukubczak,mjukubczak1n@forbes.com,+965 (418) 737-3602
Had,Di Batista,hdibatista1o@slideshare.net,+86 (786) 923-1069
Phip,Acey,pacey1p@gov.uk,+62 (145) 292-0512
Ezri,Andras,eandras1q@hibu.com,+252 (282) 375-3645
Aubrey,Hew,ahew1r@e-recht24.de,+63 (897) 979-0764
Maxwell,Ruprecht,mruprecht1s@independent.co.uk,+86 (319) 431-8037
Noelle,McGuirk,nmcguirk1t@bloomberg.com,+1 (304) 993-1767
Lorianne,Ambrosi,lambrosi1u@weibo.com,+55 (512) 990-3165
Ethelind,Ringsell,eringsell1v@nydailynews.com,+86 (798) 192-7950
Christalle,Yersin,cyersin1w@ustream.tv,+63 (123) 580-6145
Anson,Handke,ahandke1x@dion.ne.jp,+7 (282) 692-1784
Dorelia,Cormack,dcormack1y@ow.ly,+351 (396) 741-3940
Jenica,Cranshaw,jcranshaw1z@angelfire.com,+60 (407) 489-9624
Vally,Grigoryev,vgrigoryev20@so-net.ne.jp,+7 (610) 508-2087
Cly,Thorneloe,cthorneloe21@networksolutions.com,+60 (393) 550-8283
Shanda,Scurrey,sscurrey22@t-online.de,+57 (704) 781-2498
Wat,Tripon,wtripon23@webnode.com,+375 (435) 495-1703
Bryon,Eagers,beagers24@webmd.com,+7 (234) 833-9327
Maurie,LeEstut,mleestut25@rambler.ru,+1 (789) 962-6897
Marci,Gianiello,mgianiello26@utexas.edu,+86 (205) 744-1967
Emelda,Snoddon,esnoddon27@chron.com,+62 (971) 271-1678
Putnam,Wherrit,pwherrit28@craigslist.org,+86 (148) 238-6216
Vikky,Bernardin,vbernardin29@chron.com,+86 (381) 540-0954
Isac,Midford,imidford2a@gizmodo.com,+54 (363) 231-1721
Freeland,Gibbe,fgibbe2b@newyorker.com,+86 (912) 694-6284
Waring,Martyns,wmartyns2c@so-net.ne.jp,+62 (969) 971-6166
Hayyim,Tonsley,htonsley2d@google.co.uk,+86 (323) 478-8156
Dennie,Harry,dharry2e@godaddy.com,+351 (861) 312-8080
Alexi,Pidgin,apidgin2f@examiner.com,+1 (812) 823-2011
Candy,Gress,cgress2g@chron.com,+1 (843) 650-1970
Eimile,Bucknill,ebucknill2h@google.com.br,+62 (774) 515-0790
Jilly,Dyke,jdyke2i@theglobeandmail.com,+81 (818) 413-2918
Stella,Grasner,sgrasner2j@creativecommons.org,+62 (718) 899-5463
Abby,Blazej,ablazej2k@nationalgeographic.com,+86 (918) 481-0497
Jean,Reason,jreason2l@nationalgeographic.com,+48 (497) 621-3534
Benji,Ovitz,bovitz2m@census.gov,+86 (129) 389-3720
Swen,Cracknell,scracknell2n@wikimedia.org,+351 (474) 679-7862
Katie,Cattle,kcattle2o@prlog.org,+30 (141) 658-3729
Myrle,Devitt,mdevitt2p@toplist.cz,+47 (611) 377-1376
Vikki,Antrobus,vantrobus2q@google.com,+62 (748) 439-9734
Raffarty,Beneyto,rbeneyto2r@1688.com,+62 (746) 625-3208
Greggory,Sculley,gsculley2s@paginegialle.it,+380 (270) 908-0576
Megen,Mannering,mmannering2t@google.it,+86 (669) 379-0916
Stanwood,Eadie,seadie2u@nyu.edu,+20 (548) 905-7478
Ragnar,Yurkiewicz,ryurkiewicz2v@wunderground.com,+86 (524) 163-5055
Dedie,Spellessy,dspellessy2w@de.vu,+48 (949) 862-7230
Nobie,MacRorie,nmacrorie2x@hatena.ne.jp,+86 (614) 743-3830
Nickola,Izkovitz,nizkovitz2y@reuters.com,+52 (882) 104-3712
Nessa,Hymus,nhymus2z@zdnet.com,+62 (597) 600-4545
Amabel,Hawse,ahawse30@over-blog.com,+86 (653) 458-3930
Kaitlin,Hendin,khendin31@github.io,+46 (264) 838-8709
Grethel,Kurth,gkurth32@senate.gov,+86 (215) 242-3466
Trudy,Coffin,tcoffin33@domainmarket.com,+86 (560) 801-2509
Wat,Counsell,wcounsell34@stumbleupon.com,+84 (250) 602-2756
Martainn,Bachman,mbachman35@sciencedirect.com,+385 (959) 842-7388
Romonda,Pomfrett,rpomfrett36@state.tx.us,+30 (456) 996-4308
Baudoin,Castiglio,bcastiglio37@shareasale.com,+33 (985) 604-5701
Iolande,Stubbings,istubbings38@globo.com,+62 (501) 911-7165
Barbara,Ferrotti,bferrotti39@state.tx.us,+55 (810) 352-4518
Kattie,Bessant,kbessant3a@sogou.com,+48 (761) 384-0313
Aloisia,Cass,acass3b@wunderground.com,+48 (498) 982-3328
Adelheid,Latore,alatore3c@china.com.cn,+62 (584) 546-4275
Yetty,O'Lagene,yolagene3d@psu.edu,+62 (474) 264-0564
Reinwald,Rarity,rrarity3e@netscape.com,+86 (993) 774-1043
Maryanne,Hornung,mhornung3f@mail.ru,+49 (371) 533-1328
Andriana,Birchill,abirchill3g@psu.edu,+232 (215) 705-1300
Nicolas,Wellman,nwellman3h@live.com,+591 (706) 937-5357
Verla,Raimbauld,vraimbauld3i@macromedia.com,+7 (844) 117-9264
Fidel,Sidey,fsidey3j@free.fr,+86 (413) 224-8061
Fidole,Savatier,fsavatier3k@mac.com,+358 (941) 264-7127
Marina,Erat,merat3l@microsoft.com,+51 (264) 672-4035
Luciano,Mulvany,lmulvany3m@moonfruit.com,+7 (362) 672-8374
Todd,Slane,tslane3n@scribd.com,+62 (989) 916-7722
Steven,McIlharga,smcilharga3o@biglobe.ne.jp,+972 (280) 184-6559
Chick,Crowcroft,ccrowcroft3p@shinystat.com,+86 (585) 246-2649
Jan,Chalfain,jchalfain3q@symantec.com,+86 (441) 496-7349
Reagen,Morsom,rmorsom3r@nasa.gov,+33 (426) 835-9478
Corrianne,Rickets,crickets3s@aboutads.info,+86 (491) 973-5651
Christabella,Harrald,charrald3t@google.com.au,+86 (436) 795-8378
Spencer,Sevin,ssevin3u@fda.gov,+86 (858) 301-5254
Regina,Lorraine,rlorraine3v@prlog.org,+84 (878) 115-2834
Kristopher,Fallis,kfallis3w@nyu.edu,+86 (101) 415-7479
Ellynn,Pawlyn,epawlyn3x@howstuffworks.com,+62 (325) 333-2340
Nichole,Willavoys,nwillavoys3y@bloglovin.com,+98 (454) 634-6858
Veronique,Frampton,vframpton3z@facebook.com,+63 (914) 637-4326
Braden,Knowlden,bknowlden40@google.com.hk,+27 (208) 253-0827
Joan,Camacke,jcamacke41@psu.edu,+86 (992) 922-4754
Jedediah,Bratch,jbratch42@simplemachines.org,+963 (717) 437-9871
Calla,Besson,cbesson43@stanford.edu,+63 (320) 552-7444
Shaine,Neilands,sneilands44@nationalgeographic.com,+7 (895) 449-5994
Julieta,Verrier,jverrier45@istockphoto.com,+33 (700) 306-6552
Moore,Castaneda,mcastaneda46@printfriendly.com,+1 (646) 345-9033
Cornell,Driffield,cdriffield47@dedecms.com,+850 (173) 380-4707
Nert,Kauble,nkauble48@studiopress.com,+63 (768) 461-5158
Armin,Blyth,ablyth49@harvard.edu,+63 (824) 787-2765
Lambert,Bellis,lbellis4a@ehow.com,+7 (519) 808-7178
Loralee,Giles,lgiles4b@wisc.edu,+420 (197) 180-6440
Anni,O' Reagan,aoreagan4c@google.ru,+62 (332) 230-8158
Riki,Smallbone,rsmallbone4d@berkeley.edu,+381 (309) 326-6931
Gayelord,Bow,gbow4e@uol.com.br,+62 (576) 328-3240
Tammara,Obell,tobell4f@upenn.edu,+63 (990) 388-8462
Georgianne,Samwell,gsamwell4g@huffingtonpost.com,+81 (923) 674-2265
Helen-elizabeth,Hallworth,hhallworth4h@smh.com.au,+86 (419) 269-4208
Bobbi,Houseago,bhouseago4i@mashable.com,+56 (107) 768-7084
Elene,Burchett,eburchett4j@statcounter.com,+353 (962) 984-8068
Napoleon,Itzcovich,nitzcovich4k@blogtalkradio.com,+86 (531) 367-0548
Loralee,Mates,lmates4l@vistaprint.com,+356 (878) 282-7988
Bealle,Maharry,bmaharry4m@miibeian.gov.cn,+351 (283) 430-4572
Dannye,Gisburn,dgisburn4n@pagesperso-orange.fr,+86 (440) 941-3297
Nita,Clementel,nclementel4o@ehow.com,+54 (847) 541-8750
Claudelle,Bredee,cbredee4p@reverbnation.com,+81 (682) 369-0807
Elie,Cummungs,ecummungs4q@ucsd.edu,+212 (293) 788-7699
Sonia,Synan,ssynan4r@scribd.com,+7 (125) 693-3899
Kile,Brobeck,kbrobeck4s@hubpages.com,+420 (928) 748-9851
Bay,Necolds,bnecolds4t@bloglines.com,+54 (107) 969-9684
Florie,Swepson,fswepson4u@wordpress.com,+504 (415) 310-0419
Jenifer,Penkman,jpenkman4v@mediafire.com,+51 (438) 428-8124
Katha,Le Marquand,klemarquand4w@businessweek.com,+212 (140) 756-3722
Dana,Pindred,dpindred4x@cam.ac.uk,+86 (755) 987-8202
Theodosia,Gallaher,tgallaher4y@ted.com,+62 (869) 436-3325
Germain,Denisevich,gdenisevich4z@geocities.jp,+387 (874) 904-8854
Korey,Note,knote50@google.co.uk,+60 (416) 735-6284
Daffy,Apedaile,dapedaile51@upenn.edu,+962 (216) 834-2987
Dottie,Gatiss,dgatiss52@4shared.com,+351 (206) 308-7300
Rafi,Prantl,rprantl53@github.com,+62 (957) 434-3571
Tamarra,Roswarne,troswarne54@photobucket.com,+7 (575) 768-8030
Donelle,Rodolico,drodolico55@nsw.gov.au,+62 (575) 129-4564
Mathilda,Wrassell,mwrassell56@istockphoto.com,+63 (961) 245-4299
Pippo,Albion,palbion57@flickr.com,+380 (185) 647-3518
Chucho,Devers,cdevers58@delicious.com,+355 (372) 443-9742
Jock,Clover,jclover59@telegraph.co.uk,+46 (267) 635-5580
Homer,Brimelow,hbrimelow5a@nih.gov,+380 (955) 749-9139
Ab,Aubert,aaubert5b@phpbb.com,+55 (932) 988-2430
Joelly,Fensome,jfensome5c@nifty.com,+86 (922) 514-7101
Genna,Bloom,gbloom5d@cnn.com,+998 (663) 647-3592
Alyce,Umpleby,aumpleby5e@blog.com,+30 (724) 659-3352
Rey,Beagrie,rbeagrie5f@list-manage.com,+63 (969) 574-7461
Wadsworth,Pringour,wpringour5g@google.it,+86 (346) 504-1778
Giuseppe,Itzik,gitzik5h@oracle.com,+39 (401) 687-3856
Sanson,Tappington,stappington5i@accuweather.com,+86 (611) 969-0065
Henriette,Walkley,hwalkley5j@angelfire.com,+48 (595) 607-9749
Ad,Meuse,ameuse5k@dailymotion.com,+33 (692) 638-2671
Genvieve,Mouser,gmouser5l@toplist.cz,+86 (871) 832-4036
Edy,Markussen,emarkussen5m@usa.gov,+57 (548) 621-8432
Latashia,Shoveller,lshoveller5n@bing.com,+55 (145) 842-5322
Gerhardt,Binion,gbinion5o@last.fm,+86 (146) 389-7835
Harman,Huxter,hhuxter5p@ox.ac.uk,+86 (189) 783-3327
Delcine,Pietruschka,dpietruschka5q@whitehouse.gov,+31 (484) 529-6220
Delmore,Banasevich,dbanasevich5r@arizona.edu,+86 (459) 127-8122
Arvie,Senn,asenn5s@imdb.com,+234 (670) 988-3039
Nefen,MacIlwrick,nmacilwrick5t@jalbum.net,+46 (790) 771-0727
Fara,Copello,fcopello5u@mashable.com,+33 (684) 479-3593
Lucretia,Remirez,lremirez5v@domainmarket.com,+86 (364) 134-0287
Bren,Francom,bfrancom5w@google.co.uk,+370 (115) 901-1606
Rhys,Blandamere,rblandamere5x@list-manage.com,+86 (164) 471-4843
Emelen,Druhan,edruhan5y@yahoo.com,+420 (400) 768-1384
Weylin,Isaac,wisaac5z@about.com,+27 (981) 293-6043
Rinaldo,Ilyasov,rilyasov60@liveinternet.ru,+377 (393) 274-9858
Natka,Lohoar,nlohoar61@cyberchimps.com,+237 (665) 499-4585
Orly,Heddan,oheddan62@google.nl,+594 (113) 881-7818
Eulalie,Millett,emillett63@bandcamp.com,+60 (833) 709-9932
Kimberley,Mollon,kmollon64@soundcloud.com,+86 (741) 844-9259
Wynne,Westhoff,wwesthoff65@latimes.com,+62 (154) 550-8337
Sharron,Swires,sswires66@phoca.cz,+86 (681) 805-0619
Gus,Bettridge,gbettridge67@cpanel.net,+62 (512) 737-3661
Justis,Mullany,jmullany68@pcworld.com,+86 (165) 533-2710
Julee,Midgely,jmidgely69@blogspot.com,+30 (904) 781-2167
Vivian,Deluca,vdeluca6a@goo.ne.jp,+62 (504) 896-9068
Cele,Tebb,ctebb6b@rakuten.co.jp,+63 (628) 663-0621
Shannan,Vautin,svautin6c@foxnews.com,+86 (779) 145-7917
Sharline,Yuryichev,syuryichev6d@webmd.com,+86 (537) 738-7388
Yehudi,Shank,yshank6e@youtu.be,+48 (853) 696-0971
Smith,Birbeck,sbirbeck6f@smh.com.au,+54 (517) 328-3984
Armand,Croley,acroley6g@artisteer.com,+52 (410) 437-7086
Blair,Greenman,bgreenman6h@vk.com,+502 (350) 151-2213
Alfredo,Puttock,aputtock6i@craigslist.org,+33 (625) 845-3807
Erroll,Barker,ebarker6j@ning.com,+234 (385) 486-3247
Sholom,Perillio,sperillio6k@mediafire.com,+81 (912) 530-9831
Olga,Neild,oneild6l@buzzfeed.com,+86 (538) 124-0823
Belvia,Banbrigge,bbanbrigge6m@live.com,+420 (751) 481-3166
Mitchell,McGuinley,mmcguinley6n@timesonline.co.uk,+265 (190) 243-9500
Nicko,Machan,nmachan6o@reference.com,+7 (350) 300-6675
Bili,Dunsleve,bdunsleve6p@scribd.com,+33 (475) 576-8729
Giovanna,Lightfoot,glightfoot6q@webmd.com,+81 (430) 285-6786
Benton,Crake,bcrake6r@desdev.cn,+351 (251) 256-5824
Clementius,Demko,cdemko6s@discuz.net,+60 (491) 343-9966
Clarabelle,Malthouse,cmalthouse6t@flavors.me,+62 (117) 744-6943
Weber,Elward,welward6u@theglobeandmail.com,+381 (735) 724-8855
Owen,Balassi,obalassi6v@phpbb.com,+51 (903) 591-7710
Karly,Marie,kmarie6w@istockphoto.com,+372 (548) 509-7766
Roseanna,Joynson,rjoynson6x@google.es,+63 (109) 105-0992
Jedd,Winch,jwinch6y@mashable.com,+255 (476) 572-2177
Jere,Gann,jgann6z@dion.ne.jp,+30 (501) 767-8909
Sheila,Mundall,smundall70@networkadvertising.org,+86 (682) 391-6773
Isabelita,Wintour,iwintour71@weebly.com,+86 (419) 370-3962
Malva,Breede,mbreede72@gnu.org,+992 (395) 106-6209
Fay,Humbey,fhumbey73@sphinn.com,+86 (989) 109-8390
Devland,Fulkes,dfulkes74@nhs.uk,+86 (525) 998-2275
Gerrie,Core,gcore75@wordpress.com,+502 (281) 810-2417
Aleksandr,Bromby,abromby76@google.co.jp,+95 (149) 845-0086
Dianemarie,Vahey,dvahey77@nba.com,+86 (325) 270-8843
Consuela,Minto,cminto78@posterous.com,+1 (775) 397-2991
Gerianna,Laven,glaven79@cdbaby.com,+353 (320) 477-8590
Tracie,Boarleyson,tboarleyson7a@opera.com,+63 (148) 743-5172
Tessie,O'Tierney,totierney7b@alibaba.com,+221 (942) 588-5194
Cristy,Pavy,cpavy7c@imgur.com,+56 (668) 396-8769
Marylin,Collough,mcollough7d@ftc.gov,+1 (487) 258-2321
Hillard,Jewkes,hjewkes7e@twitpic.com,+1 (213) 713-4433
Phebe,Antonsson,pantonsson7f@craigslist.org,+46 (781) 896-4047
Hyacinthe,Di Ruggero,hdiruggero7g@ifeng.com,+351 (359) 434-6085
Virginie,Epelett,vepelett7h@odnoklassniki.ru,+86 (323) 578-9690
Annadiana,Hurle,ahurle7i@xinhuanet.com,+60 (510) 513-8466
Matty,Staite,mstaite7j@hud.gov,+62 (810) 509-1064
Chet,Dubock,cdubock7k@thetimes.co.uk,+62 (296) 702-5657
Anett,Ridett,aridett7l@timesonline.co.uk,+86 (350) 991-5716
Phyllida,Mayo,pmayo7m@plala.or.jp,+380 (869) 361-4935
Ferris,Bernardez,fbernardez7n@photobucket.com,+62 (907) 321-7802
Terri,Dawid,tdawid7o@oaic.gov.au,+86 (585) 550-4182
Valina,Glenny,vglenny7p@loc.gov,+30 (723) 756-8053
Dannye,Annandale,dannandale7q@mlb.com,+30 (140) 505-0000
Shae,Praten,spraten7r@sina.com.cn,+63 (238) 238-3195
Griffy,Postians,gpostians7s@marketwatch.com,+880 (480) 736-0243
Charyl,Beche,cbeche7t@hatena.ne.jp,+54 (699) 943-0761
Meg,Sabin,msabin7u@miibeian.gov.cn,+46 (472) 806-1660
Imelda,Macvain,imacvain7v@newsvine.com,+51 (371) 118-1016
Dalli,Di Biaggi,ddibiaggi7w@pcworld.com,+60 (875) 983-3826
Uri,O'Crevy,uocrevy7x@indiatimes.com,+357 (963) 881-6229
Court,Sollett,csollett7y@exblog.jp,+46 (189) 413-3925
Emmeline,Mitcham,emitcham7z@moonfruit.com,+81 (427) 215-6630
Frasier,Djurkovic,fdjurkovic80@amazon.co.uk,+81 (570) 965-1000
Vaughan,Barnard,vbarnard81@vimeo.com,+51 (529) 236-6690
Theodosia,Bickerstaffe,tbickerstaffe82@earthlink.net,+7 (832) 631-7203
Thea,Rojas,trojas83@bloglovin.com,+86 (160) 412-8047
Vladimir,Catherine,vcatherine84@ox.ac.uk,+386 (457) 666-9135
Rodolfo,Rickeard,rrickeard85@51.la,+62 (851) 533-8022
Lou,Raison,lraison86@exblog.jp,+7 (209) 715-8364
Esta,Lightowler,elightowler87@zimbio.com,+63 (101) 635-4791
Missie,Spaducci,mspaducci88@theguardian.com,+86 (942) 479-4314
Halley,McLemon,hmclemon89@wikispaces.com,+55 (661) 814-4289
Adara,Hambelton,ahambelton8a@youtu.be,+244 (192) 558-4180
Ibby,Bompas,ibompas8b@google.ru,+977 (147) 695-2036
Jared,Fasham,jfasham8c@eepurl.com,+86 (100) 447-8244
Delainey,Dallimare,ddallimare8d@reference.com,+48 (139) 770-3574
Jacquie,Brenard,jbrenard8e@gov.uk,+381 (452) 717-4908
Teri,Bossom,tbossom8f@discuz.net,+64 (519) 341-2781
Collin,McAughtrie,cmcaughtrie8g@un.org,+30 (636) 823-0982
Zara,O'Duilleain,zoduilleain8h@e-recht24.de,+55 (708) 579-3306
Allison,Gilcrist,agilcrist8i@forbes.com,+86 (972) 816-2226
Sophey,Zarb,szarb8j@xing.com,+62 (180) 156-5718
Kristopher,Varns,kvarns8k@digg.com,+1 (571) 813-1040
Belinda,Karlsen,bkarlsen8l@mtv.com,+48 (126) 135-7286
Lilly,Stodd,lstodd8m@sakura.ne.jp,+62 (473) 424-7610
Devondra,Leipnik,dleipnik8n@cocolog-nifty.com,+86 (546) 420-5074
Algernon,Brosi,abrosi8o@icio.us,+593 (840) 483-4291
Donnell,Mellish,dmellish8p@latimes.com,+55 (943) 377-4738
Becka,Charlot,bcharlot8q@163.com,+86 (133) 908-6825
Roze,Smedmoor,rsmedmoor8r@businessweek.com,+1 (739) 664-7998
Steward,Houlridge,shoulridge8s@wordpress.com,+48 (199) 924-7106
Cariotta,Back,cback8t@ucla.edu,+86 (839) 797-2555
Theresina,Neath,tneath8u@house.gov,+63 (221) 938-4126
Schuyler,Flood,sflood8v@rediff.com,+81 (124) 582-8613
Bay,De Giovanni,bdegiovanni8w@tumblr.com,+20 (592) 572-9595
Marline,Berthe,mberthe8x@etsy.com,+1 (732) 379-8279
Aileen,Schonfelder,aschonfelder8y@mit.edu,+63 (212) 399-5969
Dionisio,Unitt,dunitt8z@yelp.com,+7 (447) 851-1148
Rosina,Baitey,rbaitey90@psu.edu,+976 (935) 652-0562
Donica,Spensley,dspensley91@bloglines.com,+55 (735) 256-8764
Clarine,Dimitrie,cdimitrie92@google.ca,+86 (494) 528-7891
Benjamin,Tipple,btipple93@blogger.com,+62 (198) 596-0818
Lavinia,Basilone,lbasilone94@ucla.edu,+33 (395) 963-9181
Guillaume,Rosewarne,grosewarne95@google.fr,+33 (506) 334-2404
Ron,Baudinot,rbaudinot96@free.fr,+420 (776) 241-5640
Violet,Parfrey,vparfrey97@posterous.com,+62 (983) 270-9251
Homer,Klageman,hklageman98@si.edu,+62 (689) 476-2854
Burnard,Orviss,borviss99@google.nl,+380 (480) 770-3534
Cad,Bartels-Ellis,cbartelsellis9a@4shared.com,+62 (480) 742-3568
Babita,Tregido,btregido9b@issuu.com,+373 (204) 103-5928
Elyssa,Rykert,erykert9c@cbsnews.com,+374 (536) 616-9396
Conn,Olliar,colliar9d@instagram.com,+55 (479) 459-7982
Eleonore,Winslow,ewinslow9e@skyrock.com,+33 (475) 762-0710
Any,Deare,adeare9f@umn.edu,+33 (449) 368-6556
Alberta,Swadlinge,aswadlinge9g@livejournal.com,+351 (127) 516-1979
Claudette,Haythorn,chaythorn9h@ebay.com,+63 (556) 576-8292
Aeriel,Stockwell,astockwell9i@salon.com,+54 (135) 650-1665
Fairfax,Horsted,fhorsted9j@nasa.gov,+60 (404) 547-6473
Flora,Kubiczek,fkubiczek9k@home.pl,+86 (247) 609-1917
Rourke,O'Brian,robrian9l@toplist.cz,+351 (861) 238-4457
Caro,Redmond,credmond9m@tripadvisor.com,+1 (513) 748-1938
Sibby,Jerrolt,sjerrolt9n@tripadvisor.com,+51 (602) 703-4791
Orel,O'Brian,oobrian9o@squarespace.com,+86 (977) 370-6423
Flossie,Longmuir,flongmuir9p@pbs.org,+7 (912) 941-2142
Fitzgerald,Perceval,fperceval9q@globo.com,+7 (669) 883-1299
Pavel,Leeds,pleeds9r@prnewswire.com,+7 (234) 471-5454
Meade,Tours,mtours9s@ycombinator.com,+375 (983) 652-7419
Nickie,Oleksiak,noleksiak9t@goodreads.com,+1 (262) 945-9136
Dixie,Breakwell,dbreakwell9u@altervista.org,+51 (535) 176-8179
Leodora,Sandeson,lsandeson9v@squidoo.com,+972 (433) 973-7215
Karola,Philpott,kphilpott9w@usa.gov,+86 (701) 820-2926
Orelia,Bowshire,obowshire9x@hud.gov,+375 (501) 297-9444
Tildi,Bourthouloume,tbourthouloume9y@noaa.gov,+55 (527) 456-2706
Esma,Dowzell,edowzell9z@rakuten.co.jp,+20 (576) 218-5920
Deena,Devlin,ddevlina0@livejournal.com,+55 (832) 332-4047
Gaile,Warder,gwardera1@diigo.com,+60 (711) 929-3423
Shani,Minithorpe,sminithorpea2@comsenz.com,+62 (748) 300-6162
Osbourn,Stickford,ostickforda3@va.gov,+86 (798) 496-4496
Geoff,Woodhouse,gwoodhousea4@rakuten.co.jp,+46 (338) 767-6906
Jecho,Chatten,jchattena5@squarespace.com,+62 (265) 265-4403
Vladimir,Breznovic,vbreznovica6@google.com.br,+86 (991) 484-7709
Cally,Wimpress,cwimpressa7@storify.com,+374 (840) 206-0833
Judd,Treadgear,jtreadgeara8@sogou.com,+47 (581) 754-5507
Jo-ann,Kolinsky,jkolinskya9@people.com.cn,+27 (479) 893-4667
Celesta,O'Doherty,codohertyaa@nih.gov,+48 (144) 747-2184
Byron,Trangmar,btrangmarab@weather.com,+970 (456) 766-3240
Etty,Connett,econnettac@blogtalkradio.com,+48 (201) 727-0651
Ellynn,Moxley,emoxleyad@hhs.gov,+7 (533) 709-7540
Lavinia,Magnar,lmagnarae@smh.com.au,+66 (402) 214-5175
Ulick,Cratere,ucratereaf@edublogs.org,+33 (678) 589-5427
Fonz,McGorman,fmcgormanag@ucoz.com,+86 (110) 883-6885
Olivero,Surguine,osurguineah@wikipedia.org,+86 (934) 854-1915
Isaiah,Cleator,icleatorai@merriam-webster.com,+55 (992) 139-0597
Fonz,Ninotti,fninottiaj@digg.com,+63 (435) 321-2398
Belita,Hastwell,bhastwellak@nyu.edu,+1 (412) 816-1378
Hubert,Dredge,hdredgeal@ezinearticles.com,+63 (709) 688-8861
Denise,Beckson,dbecksonam@icq.com,+1 (952) 170-9487
Armstrong,Dyet,adyetan@github.io,+358 (682) 362-7830
Perkin,Bilbie,pbilbieao@toplist.cz,+383 (842) 117-0686
Boycie,Malecky,bmaleckyap@tripadvisor.com,+1 (812) 784-6729
Kristopher,Trippick,ktrippickaq@gmpg.org,+86 (217) 576-2743
Clifford,Janks,cjanksar@uol.com.br,+86 (217) 680-4150
Bobbi,Oppie,boppieas@blogtalkradio.com,+7 (285) 456-8395
Gannon,Heisler,gheislerat@wikimedia.org,+48 (280) 659-8810
Land,Casaro,lcasaroau@youtube.com,+358 (813) 666-5239
Meredith,Mattke,mmattkeav@a8.net,+591 (910) 401-2808
Tonya,Slaten,tslatenaw@creativecommons.org,+1 (708) 404-5924
Augy,Allaway,aallawayax@g.co,+375 (524) 318-2460
Caldwell,Czajkowski,cczajkowskiay@china.com.cn,+95 (850) 736-2356
Marcus,Yanov,myanovaz@techcrunch.com,+351 (650) 218-7672
Rollo,McKeady,rmckeadyb0@nature.com,+51 (644) 724-0160
Regan,Di Antonio,rdiantoniob1@ihg.com,+355 (303) 800-0074
Valera,Pierson,vpiersonb2@macromedia.com,+63 (804) 300-7641
Katrina,Bozier,kbozierb3@phoca.cz,+30 (583) 914-6443
Virgina,Tranckle,vtranckleb4@dion.ne.jp,+56 (559) 193-9898
Lelia,Chestney,lchestneyb5@addthis.com,+374 (251) 998-3144
Merell,Lente,mlenteb6@tmall.com,+86 (217) 431-4379
Antonina,Yeats,ayeatsb7@jigsy.com,+86 (569) 639-8032
Agnese,Eversley,aeversleyb8@fotki.com,+60 (811) 586-7668
Norri,Prise,npriseb9@shutterfly.com,+66 (451) 885-3939
Andy,Mackerel,amackerelba@princeton.edu,+33 (146) 790-5745
Morgen,Robbings,mrobbingsbb@purevolume.com,+994 (552) 156-1829
Hesther,Milne,hmilnebc@github.com,+48 (766) 285-6389
Rebbecca,Tippin,rtippinbd@blogs.com,+86 (887) 634-2778
Brendis,Handscomb,bhandscombbe@cnet.com,+86 (561) 738-2434
Nappie,Havercroft,nhavercroftbf@comsenz.com,+57 (641) 749-9971
Yves,McKinnon,ymckinnonbg@acquirethisname.com,+33 (978) 706-3851
Mei,Dahlen,mdahlenbh@posterous.com,+229 (300) 972-6573
Zabrina,Ambrosetti,zambrosettibi@vk.com,+62 (433) 656-5499
Haily,Basezzi,hbasezzibj@cdc.gov,+48 (139) 184-4695
Arden,Chartre,achartrebk@ocn.ne.jp,+33 (967) 584-7901
Marian,Peddel,mpeddelbl@eventbrite.com,+967 (924) 656-2412
Tommie,Giaomozzo,tgiaomozzobm@wired.com,+62 (599) 167-9102
Alidia,Ion,aionbn@a8.net,+62 (194) 807-0612
Sterne,Phear,sphearbo@sina.com.cn,+86 (889) 583-9975
Hyacinthie,Brunsden,hbrunsdenbp@nasa.gov,+62 (894) 311-3723
Demetris,Boutellier,dboutellierbq@360.cn,+48 (769) 391-5687
Pattin,Tremouille,ptremouillebr@fotki.com,+1 (202) 543-0042
Norah,Windley,nwindleybs@printfriendly.com,+62 (549) 802-9389
Aprilette,Jordeson,ajordesonbt@opensource.org,+62 (222) 222-3941
Pattie,Cejka,pcejkabu@google.co.jp,+48 (848) 990-6554
Gregoire,Humberston,ghumberstonbv@xrea.com,+351 (211) 540-3298
Georgina,McCuthais,gmccuthaisbw@un.org,+86 (178) 170-3058
Davis,Tinn,dtinnbx@deviantart.com,+231 (428) 118-5594
Ely,Fredi,efrediby@google.com.br,+62 (138) 290-1769
Hugues,Houten,hhoutenbz@disqus.com,+58 (513) 144-3868
Hoebart,Halbert,hhalbertc0@bing.com,+66 (365) 786-6665
Abbie,Tullett,atullettc1@nature.com,+51 (845) 767-7405
Nickey,Bastian,nbastianc2@ycombinator.com,+509 (345) 444-6561
Evania,Fausch,efauschc3@zdnet.com,+86 (472) 992-6544
Stephen,Rupel,srupelc4@elegantthemes.com,+48 (131) 892-8760
Pembroke,Oxbe,poxbec5@delicious.com,+86 (272) 375-7983
Hasty,Swatton,hswattonc6@go.com,+94 (552) 462-2517
Bethany,Hinchshaw,bhinchshawc7@google.de,+86 (849) 195-3581
Marge,Knotte,mknottec8@vkontakte.ru,+86 (371) 495-2882
Corene,Reddick,creddickc9@stanford.edu,+54 (377) 872-5690
Michael,Ickovic,mickovicca@redcross.org,+355 (442) 138-1077
Giovanni,Bottrill,gbottrillcb@spotify.com,+381 (233) 996-8889
Jilleen,Demeza,jdemezacc@feedburner.com,+81 (717) 669-6495
Trudi,Taggart,ttaggartcd@apache.org,+58 (560) 901-4004
Matthias,Gerlts,mgerltsce@reference.com,+48 (968) 702-7452
Bernice,Sutherden,bsutherdencf@china.com.cn,+86 (238) 171-4120
Hali,Whitmell,hwhitmellcg@vk.com,+86 (967) 575-5412
Martica,Sothcott,msothcottch@godaddy.com,+55 (960) 556-0984
Nester,Tolle,ntolleci@multiply.com,+381 (560) 108-9752
Dode,Bicker,dbickercj@tamu.edu,+354 (586) 296-5968
Penrod,Vassar,pvassarck@stanford.edu,+55 (359) 690-3964
Darelle,McPherson,dmcphersoncl@netvibes.com,+7 (493) 376-3832
Goldina,Marrian,gmarriancm@wisc.edu,+51 (265) 215-5942
Lanni,Hinnerk,lhinnerkcn@bbc.co.uk,+7 (633) 961-8817
Price,Turfin,pturfinco@nyu.edu,+86 (185) 431-2105
Jacobo,Yeld,jyeldcp@stumbleupon.com,+298 (765) 180-6847
Madelaine,Gorgler,mgorglercq@imdb.com,+62 (978) 890-9203
Dolph,Clarycott,dclarycottcr@infoseek.co.jp,+7 (171) 833-9625
Peyter,Bernaldo,pbernaldocs@statcounter.com,+351 (161) 190-0057
Marilee,Leahy,mleahyct@imgur.com,+1 (748) 853-2027
Noami,Dulinty,ndulintycu@smugmug.com,+62 (508) 463-9508
Kerrill,Camfield,kcamfieldcv@flickr.com,+86 (467) 755-3912
Matelda,Popple,mpopplecw@arizona.edu,+86 (495) 180-2015
Janessa,Tipperton,jtippertoncx@princeton.edu,+7 (414) 256-1987
Myrna,Trynor,mtrynorcy@about.com,+62 (297) 520-6518
Tabbie,Bartul,tbartulcz@creativecommons.org,+351 (204) 794-4419
Roze,Dorset,rdorsetd0@zimbio.com,+86 (504) 159-2599
Esmaria,Duthie,eduthied1@unblog.fr,+55 (352) 622-0798
Willetta,Napoleon,wnapoleond2@wired.com,+237 (456) 900-7642
Margette,Matzeitis,mmatzeitisd3@com.com,+86 (808) 930-0595
Correy,Styche,cstyched4@discovery.com,+351 (142) 764-6161
Johny,Paxeford,jpaxefordd5@infoseek.co.jp,+86 (198) 496-0644
Brina,Treves,btrevesd6@goodreads.com,+212 (437) 828-1124
Cyndi,Houselee,chouseleed7@nbcnews.com,+84 (489) 710-9581
Allie,Asipenko,aasipenkod8@geocities.com,+55 (422) 340-1928
Leyla,Newarte,lnewarted9@blogger.com,+62 (186) 891-7840
Josi,Seiter,jseiterda@paginegialle.it,+62 (808) 244-6490
Jesus,Conquer,jconquerdb@google.ru,+56 (199) 256-9450
Leupold,Knevett,lknevettdc@unicef.org,+48 (342) 977-2047
Chris,Zmitrovich,czmitrovichdd@printfriendly.com,+92 (802) 548-8542
Lyon,Berrick,lberrickde@chicagotribune.com,+81 (365) 407-1481
Eolande,Kasbye,ekasbyedf@miitbeian.gov.cn,+221 (110) 663-5416
Toby,Ovitz,tovitzdg@abc.net.au,+81 (809) 325-7729
Price,Ritelli,pritellidh@usa.gov,+63 (818) 965-4120
Phoebe,Brymner,pbrymnerdi@miibeian.gov.cn,+86 (221) 782-4081
Shirlee,Grishenkov,sgrishenkovdj@wufoo.com,+351 (367) 150-9293
Bernadine,Dracey,bdraceydk@soundcloud.com,+86 (708) 967-5030
Stevie,Haisell,shaiselldl@discuz.net,+30 (890) 461-2005
Moishe,Prew,mprewdm@apache.org,+48 (550) 139-1891
Bent,Merrifield,bmerrifielddn@shop-pro.jp,+60 (268) 921-8124
Cathie,Menear,cmeneardo@google.co.uk,+63 (155) 564-0608
Bink,Grosvenor,bgrosvenordp@wunderground.com,+48 (518) 685-8146
Debee,Wadge,dwadgedq@arstechnica.com,+86 (342) 518-3161
Zebulen,Matieu,zmatieudr@netvibes.com,+57 (849) 836-4969
Lori,Corris,lcorrisds@tinyurl.com,+7 (670) 107-3512
Carly,Donan,cdonandt@boston.com,+62 (506) 894-9511
Marc,Bagnal,mbagnaldu@youku.com,+234 (938) 458-9088
Hedda,McCuthais,hmccuthaisdv@dyndns.org,+86 (530) 633-7181
Lissy,Cavolini,lcavolinidw@w3.org,+7 (474) 913-3646
Egon,Giottoi,egiottoidx@prlog.org,+351 (206) 590-0572
Felicity,Marder,fmarderdy@slideshare.net,+86 (794) 473-3647
Thatch,Ackrill,tackrilldz@i2i.jp,+86 (174) 446-4992
Evvy,Goodchild,egoodchilde0@de.vu,+55 (420) 750-0160
Delly,Vasilischev,dvasilischeve1@senate.gov,+62 (636) 937-9935
Farris,Astlett,fastlette2@wsj.com,+63 (500) 188-2518
Chiquita,Bladder,cbladdere3@linkedin.com,+86 (229) 548-7104
Wenda,Walhedd,wwalhedde4@java.com,+32 (646) 454-9037
Lynne,Liccardo,lliccardoe5@homestead.com,+55 (323) 949-8420
Sigmund,Forsard,sforsarde6@deviantart.com,+261 (478) 476-2496
Michaela,Capelin,mcapeline7@jiathis.com,+970 (969) 295-7421
Glynnis,Colbourne,gcolbournee8@facebook.com,+55 (137) 267-7931
Obed,Presnail,opresnaile9@scientificamerican.com,+57 (145) 998-2888
Kania,Kindley,kkindleyea@va.gov,+55 (133) 148-6533
Esther,Botterman,ebottermaneb@macromedia.com,+82 (387) 489-2162
Thomasa,Dussy,tdussyec@abc.net.au,+1 (616) 560-2374
Camilla,Jansey,cjanseyed@shutterfly.com,+62 (488) 863-1136
Adam,Wither,awitheree@ovh.net,+33 (864) 180-9222
Amity,Elias,aeliasef@cnet.com,+86 (634) 510-8826
Othella,Slaten,oslateneg@blinklist.com,+86 (562) 700-8602
Denny,Bonafant,dbonafanteh@wp.com,+48 (987) 280-6634
Neel,Taft,ntaftei@uiuc.edu,+54 (243) 165-0118
Husein,Enever,heneverej@networkadvertising.org,+420 (770) 204-6027
Crawford,Bostock,cbostockek@blinklist.com,+386 (595) 298-6439
Barnard,Piser,bpiserel@china.com.cn,+86 (125) 115-1146
Gwyn,Hackworthy,ghackworthyem@google.ca,+1 (137) 226-4765
Alis,Kelsey,akelseyen@reverbnation.com,+7 (913) 851-9386
Fabiano,Oppie,foppieeo@howstuffworks.com,+92 (397) 844-5534
Gratia,Mayer,gmayerep@marketwatch.com,+54 (902) 765-3506
Vinson,Boulds,vbouldseq@wufoo.com,+591 (890) 783-4510
Friedrich,Morgen,fmorgener@xinhuanet.com,+212 (117) 387-9383
Fallon,Gumb,fgumbes@cnbc.com,+998 (758) 285-0356
Neel,Poltun,npoltunet@usatoday.com,+86 (232) 887-1244
Daisy,Hauxby,dhauxbyeu@blogspot.com,+86 (812) 950-4462
Sergeant,Gwilliams,sgwilliamsev@xrea.com,+81 (394) 750-0595
Sandy,O'Hartnedy,sohartnedyew@list-manage.com,+62 (770) 291-7579
Jefferson,Londing,jlondingex@usatoday.com,+86 (725) 162-4268
Boot,Brophy,bbrophyey@jalbum.net,+374 (571) 243-8305
Ker,Idel,kidelez@sciencedaily.com,+86 (144) 950-8464
Curtice,Cubbit,ccubbitf0@moonfruit.com,+62 (494) 492-1995
Weylin,Wishart,wwishartf1@google.cn,+52 (349) 243-8206
Kellyann,Greenhouse,kgreenhousef2@uiuc.edu,+7 (283) 487-5849
Janifer,Grier,jgrierf3@unicef.org,+62 (290) 779-1169
Esra,Le Grice,elegricef4@cam.ac.uk,+62 (539) 285-1713
Biddie,Velden,bveldenf5@stanford.edu,+57 (515) 625-0173
Perry,Knappen,pknappenf6@mtv.com,+36 (696) 890-6841
Ursola,Schusterl,uschusterlf7@1688.com,+57 (659) 381-1286
Pauline,Treverton,ptrevertonf8@behance.net,+46 (761) 678-4122
Amandie,Barles,abarlesf9@storify.com,+57 (121) 705-6497
Currey,Arnell,carnellfa@google.de,+86 (632) 448-0689
Eadie,Cockshoot,ecockshootfb@ucoz.com,+95 (378) 962-4909
Harvey,Wathell,hwathellfc@friendfeed.com,+57 (182) 948-6644
Marcel,Tschirasche,mtschiraschefd@ucsd.edu,+86 (140) 373-7559
Hebert,McCarly,hmccarlyfe@baidu.com,+34 (956) 721-7090
Mayne,Guillem,mguillemff@youtu.be,+62 (223) 473-1353
Reuben,Dillintone,rdillintonefg@engadget.com,+62 (544) 414-5301
Libby,Skewes,lskewesfh@theatlantic.com,+63 (190) 705-2215
Welch,Britten,wbrittenfi@webnode.com,+20 (740) 656-8383
Janot,Dugood,jdugoodfj@cam.ac.uk,+57 (787) 928-8622
Johna,Hugill,jhugillfk@bandcamp.com,+62 (473) 978-7875
Shel,Ivashnyov,sivashnyovfl@yale.edu,+63 (875) 365-4841
Caressa,Speak,cspeakfm@loc.gov,+30 (470) 942-0723
Craggie,Humphris,chumphrisfn@tiny.cc,+86 (274) 945-9696
Gavrielle,Labusquiere,glabusquierefo@google.co.uk,+976 (560) 645-1553
Hew,Oxshott,hoxshottfp@ihg.com,+7 (663) 943-5385
Garland,Bagg,gbaggfq@chicagotribune.com,+996 (611) 991-6818
Martguerita,Landrick,mlandrickfr@time.com,+46 (436) 326-8495
Dyane,Lascelles,dlascellesfs@studiopress.com,+86 (581) 914-3619
Lexie,Ocheltree,locheltreeft@sphinn.com,+86 (467) 378-9200
Ealasaid,Galiero,egalierofu@weather.com,+62 (571) 178-1840
Leonidas,Wabersich,lwabersichfv@biblegateway.com,+998 (596) 190-0008
Isac,Leidecker,ileideckerfw@newsvine.com,+62 (845) 785-2813
Paquito,Brood,pbroodfx@dmoz.org,+261 (643) 657-1254
Dawn,Dargan,ddarganfy@ameblo.jp,+1 (701) 755-6779
Kaspar,Moynham,kmoynhamfz@taobao.com,+591 (726) 598-0176
Martynne,Geekie,mgeekieg0@redcross.org,+63 (394) 258-7592
Ulberto,Collyns,ucollynsg1@quantcast.com,+380 (761) 447-3686
Enrique,Thunderchief,ethunderchiefg2@aol.com,+48 (622) 926-3638
Judie,Twelvetrees,jtwelvetreesg3@earthlink.net,+380 (539) 494-1628
Alwin,Tenwick,atenwickg4@ebay.com,+86 (437) 351-3266
Kayla,Elford,kelfordg5@uiuc.edu,+62 (552) 247-9128
Darell,Cribbin,dcribbing6@vinaora.com,+86 (396) 488-6672
Dian,Emmins,demminsg7@feedburner.com,+27 (900) 284-6579
Rhea,Seivwright,rseivwrightg8@cargocollective.com,+62 (291) 476-2171
Garvy,Rodie,grodieg9@feedburner.com,+389 (907) 308-1077
Karlie,Rawlings,krawlingsga@merriam-webster.com,+7 (435) 100-2284
Bank,Cristoforetti,bcristoforettigb@aol.com,+86 (949) 372-4071
Nicolais,Broadwood,nbroadwoodgc@ebay.co.uk,+47 (722) 275-6892
Louisette,Reddin,lreddingd@bbc.co.uk,+48 (301) 871-6388
Issi,Jadczak,ijadczakge@t-online.de,+86 (686) 554-5839
Monica,Alderton,maldertongf@deliciousdays.com,+1 (262) 985-4950
Laird,Akaster,lakastergg@ca.gov,+86 (954) 673-0503
Audi,Gibbett,agibbettgh@sourceforge.net,+351 (529) 257-1130
Rustin,Shurlock,rshurlockgi@globo.com,+7 (307) 971-4972
Maxi,Cardus,mcardusgj@plala.or.jp,+52 (155) 484-0878
Hamilton,Saill,hsaillgk@i2i.jp,+33 (798) 619-7456
Abra,Rawstorn,arawstorngl@hatena.ne.jp,+98 (498) 280-7862
Guenna,Craigheid,gcraigheidgm@opensource.org,+63 (475) 727-6075
Fernando,Comber,fcombergn@google.es,+244 (885) 389-4105
Heda,Mountney,hmountneygo@comsenz.com,+34 (494) 317-5877
Kayley,Freiburger,kfreiburgergp@moonfruit.com,+502 (700) 776-0234
Risa,Fouracres,rfouracresgq@cnet.com,+86 (261) 869-2509
Joachim,Vosper,jvospergr@ask.com,+48 (895) 112-6190
Herman,Ducker,hduckergs@netvibes.com,+63 (186) 553-6581
Drusilla,Giblin,dgiblingt@sourceforge.net,+33 (374) 936-1282
Ryley,Alebrooke,ralebrookegu@rediff.com,+62 (543) 544-0794
Thain,MacEnelly,tmacenellygv@usa.gov,+34 (132) 308-3847
Bertrand,Arlet,barletgw@ycombinator.com,+351 (156) 970-5254
Ad,Latimer,alatimergx@apache.org,+420 (994) 448-8131
Cherrita,Quinton,cquintongy@nps.gov,+55 (405) 195-1407
Christan,Carlett,ccarlettgz@miibeian.gov.cn,+62 (268) 539-5351
Silvanus,Lacelett,slaceletth0@wikia.com,+86 (383) 551-0202
Anthiathia,Chomicki,achomickih1@photobucket.com,+52 (211) 268-0429
Vonny,Fentem,vfentemh2@php.net,+375 (134) 234-4119
Helaine,Catanheira,hcatanheirah3@chronoengine.com,+358 (818) 791-1301
Shauna,Sidlow,ssidlowh4@theguardian.com,+86 (772) 541-6315
Tressa,Duck,tduckh5@smh.com.au,+86 (340) 428-1172
Ellene,Lethbury,elethburyh6@mit.edu,+66 (889) 621-8540
Morissa,Kittley,mkittleyh7@cloudflare.com,+62 (730) 781-7923
Gizela,Jaumet,gjaumeth8@nps.gov,+33 (347) 809-8114
Clive,Broomhead,cbroomheadh9@t.co,+1 (600) 365-4631
Victoir,Scones,vsconesha@studiopress.com,+30 (880) 559-8492
Jehanna,Drayn,jdraynhb@icio.us,+507 (682) 906-2604
Glennis,Bratchell,gbratchellhc@goo.gl,+385 (337) 716-3438
Almeta,Miko,amikohd@alexa.com,+51 (309) 199-7694
Wendye,Ferrara,wferrarahe@ft.com,+52 (795) 832-0966
Kasper,Wheadon,kwheadonhf@businesswire.com,+509 (761) 236-2344
Shea,Claisse,sclaissehg@sohu.com,+351 (367) 508-9132
Minnnie,Bentzen,mbentzenhh@sun.com,+358 (436) 802-5459
Jessamyn,Fanstone,jfanstonehi@shutterfly.com,+380 (428) 121-2129
Cleon,Maslin,cmaslinhj@jigsy.com,+86 (480) 466-9445
Fedora,Sarfatti,fsarfattihk@sciencedaily.com,+383 (240) 776-6941
Babs,Plumm,bplummhl@va.gov,+92 (571) 977-8729
Ellen,Hadlington,ehadlingtonhm@barnesandnoble.com,+84 (403) 236-2937
Hall,Cocci,hcoccihn@sfgate.com,+81 (504) 432-5393
Yehudit,Denyer,ydenyerho@51.la,+420 (139) 317-2953
Melvin,Brimmell,mbrimmellhp@4shared.com,+7 (970) 353-4004
Berenice,Elldred,belldredhq@dagondesign.com,+81 (535) 706-7204
Phillipp,Ramsden,pramsdenhr@reddit.com,+66 (537) 864-4503
Gary,Woodison,gwoodisonhs@addthis.com,+353 (787) 828-8812
Jennifer,Sommerfeld,jsommerfeldht@usgs.gov,+86 (849) 717-2609
Terza,Tofts,ttoftshu@google.it,+61 (191) 218-9988
Adi,McGinney,amcginneyhv@purevolume.com,+1 (512) 552-4733
Edythe,Lawlance,elawlancehw@ezinearticles.com,+86 (774) 753-0783
Thorstein,Jerrom,tjerromhx@etsy.com,+7 (334) 629-9935
Hyacinth,Delacourt,hdelacourthy@wikia.com,+7 (422) 179-7756
Berkeley,Anstey,bansteyhz@mit.edu,+374 (185) 292-9450
Danyelle,Praton,dpratoni0@pcworld.com,+7 (499) 699-0401
Ottilie,Domotor,odomotori1@businessweek.com,+55 (765) 565-2381
Vida,Shearme,vshearmei2@g.co,+380 (925) 106-6695
Nicoli,Pischel,npischeli3@intel.com,+51 (171) 821-6303
Winni,Elkins,welkinsi4@istockphoto.com,+351 (190) 283-6904
Yoshi,De Freitas,ydefreitasi5@yellowbook.com,+48 (619) 410-5951
Aaren,Skewes,askewesi6@npr.org,+48 (595) 285-6109
Gill,Benck,gbencki7@wordpress.com,+98 (340) 958-4058
Jackson,Fishbie,jfishbiei8@ow.ly,+1 (812) 248-9481
Jasper,Warwick,jwarwicki9@microsoft.com,+963 (558) 843-5623
Alyce,Pascow,apascowia@cloudflare.com,+253 (345) 823-6063
Nissa,Bundock,nbundockib@1und1.de,+7 (769) 631-6876
Merridie,Gentery,mgenteryic@prweb.com,+86 (204) 811-3436
Gabbi,Dowgill,gdowgillid@dailymail.co.uk,+86 (939) 204-4889
Alleen,Bernadot,abernadotie@house.gov,+60 (923) 826-5848
Aurie,Fleury,afleuryif@deviantart.com,+86 (106) 322-6975
Jonah,Sullly,jsulllyig@yandex.ru,+86 (580) 764-5110
Brigitte,Ogg,boggih@wordpress.org,+86 (308) 458-5272
Curtice,Blanche,cblancheii@utexas.edu,+266 (294) 894-2311
Cindee,MacDougall,cmacdougallij@salon.com,+62 (932) 692-0931
Randy,Haysey,rhayseyik@vkontakte.ru,+232 (390) 277-3509
Gerard,Duce,gduceil@paginegialle.it,+57 (907) 115-6300
Ardine,Farnham,afarnhamim@bizjournals.com,+86 (121) 853-2366
Jeramie,Huws,jhuwsin@cdc.gov,+351 (488) 519-8678
Shelden,Nutting,snuttingio@gnu.org,+966 (896) 234-0143
Zahara,Starrs,zstarrsip@fda.gov,+48 (172) 710-5660
Joete,Pascoe,jpascoeiq@mashable.com,+30 (652) 973-4928
Gray,Oles,golesir@woothemes.com,+98 (876) 278-6412
Luelle,Massie,lmassieis@nps.gov,+251 (826) 472-9077
Myron,Kwiek,mkwiekit@go.com,+63 (899) 110-0635
Marjorie,Arblaster,marblasteriu@seesaa.net,+48 (516) 249-1782
Olivero,Fetteplace,ofetteplaceiv@ocn.ne.jp,+420 (729) 586-5247
Guillemette,Boagey,gboageyiw@istockphoto.com,+62 (425) 614-5689
Arliene,Laurencot,alaurencotix@surveymonkey.com,+212 (955) 369-2188
Lou,Weavers,lweaversiy@state.tx.us,+33 (714) 406-9408
Mirilla,Hopkyns,mhopkynsiz@netvibes.com,+48 (733) 499-7711
Reyna,Collen,rcollenj0@google.co.uk,+27 (574) 234-7473
Annamarie,Dillet,adilletj1@ihg.com,+62 (447) 680-2075
Bea,Antuk,bantukj2@latimes.com,+48 (461) 531-8163
Kariotta,Phillpot,kphillpotj3@tumblr.com,+86 (516) 656-1191
Fons,Heavens,fheavensj4@usnews.com,+7 (741) 894-3502
Rosamond,Mussared,rmussaredj5@bbb.org,+1 (289) 868-4545
Abran,Fist,afistj6@cmu.edu,+46 (255) 603-2052
Alma,Mawne,amawnej7@kickstarter.com,+1 (705) 222-5880
Arman,Camelia,acameliaj8@usnews.com,+86 (717) 237-0596
Kristin,Schustl,kschustlj9@creativecommons.org,+351 (768) 418-8129
Josephina,Plane,jplaneja@wordpress.org,+86 (172) 183-0014
Odette,Stratford,ostratfordjb@wsj.com,+55 (962) 699-8880
Theodora,Dolle,tdollejc@mtv.com,+1 (479) 766-4350
Osgood,Presman,opresmanjd@seattletimes.com,+62 (925) 632-2454
Jaimie,Kausche,jkauscheje@com.com,+86 (660) 818-7876
Faith,Goddard,fgoddardjf@liveinternet.ru,+86 (258) 745-2626
Arvy,Willingam,awillingamjg@creativecommons.org,+46 (798) 708-0076
Gretel,Braizier,gbraizierjh@google.fr,+86 (199) 111-8059
Oralie,Creasy,ocreasyji@ocn.ne.jp,+998 (231) 810-5811
Gregorio,Bessent,gbessentjj@prlog.org,+55 (526) 573-4764
Elizabeth,Dimitru,edimitrujk@upenn.edu,+86 (889) 888-6801
Davey,Rhodes,drhodesjl@mtv.com,+1 (218) 469-8356
Merrill,Coutts,mcouttsjm@netscape.com,+33 (604) 727-3877
Murielle,Meadway,mmeadwayjn@icio.us,+995 (525) 691-8821
Joana,Cockin,jcockinjo@vistaprint.com,+58 (367) 148-9881
Honoria,Amber,hamberjp@nydailynews.com,+33 (422) 350-7267
Rene,Gilcrist,rgilcristjq@china.com.cn,+86 (330) 972-0744
Roldan,Staniland,rstanilandjr@yelp.com,+44 (462) 459-1152
Aloisia,Baile,abailejs@lulu.com,+593 (274) 193-1507
Beatrisa,Aland,balandjt@meetup.com,+86 (991) 642-7466
Gloriane,Dishman,gdishmanju@unblog.fr,+81 (557) 143-2940
Dominga,Coppock.,dcoppockjv@livejournal.com,+976 (201) 344-3004
Frazier,Ivanov,fivanovjw@altervista.org,+238 (255) 263-2304
Rasla,Killelea,rkilleleajx@google.com.br,+33 (958) 778-5243
Alexis,Monelle,amonellejy@spiegel.de,+227 (771) 122-3745
Abigael,Rowth,arowthjz@adobe.com,+86 (407) 881-5885
Hardy,Tremouille,htremouillek0@gmpg.org,+7 (930) 706-6574
Kirk,Oxterby,koxterbyk1@drupal.org,+86 (411) 931-1968
Petronella,Pasfield,ppasfieldk2@nature.com,+7 (631) 725-2748
Torie,Jeannesson,tjeannessonk3@ameblo.jp,+86 (548) 962-5600
Elene,Giddons,egiddonsk4@skype.com,+86 (137) 590-8551
Darla,Piwell,dpiwellk5@time.com,+62 (592) 640-4279
Kimberlee,Vequaud,kvequaudk6@4shared.com,+46 (500) 656-4342
Modestia,Jendas,mjendask7@businesswire.com,+966 (774) 716-4159
Janetta,Tremonte,jtremontek8@phpbb.com,+33 (374) 557-7771
Joela,Tolchar,jtolchark9@xinhuanet.com,+86 (518) 698-5776
Miller,Brahmer,mbrahmerka@ifeng.com,+57 (837) 848-9077
Kriste,Borland,kborlandkb@cbc.ca,+63 (962) 427-7309
Ethan,Davydzenko,edavydzenkokc@ask.com,+63 (360) 423-9360
Drusie,Roelvink,droelvinkkd@jugem.jp,+62 (945) 834-0520
Bambi,Hanssmann,bhanssmannke@google.it,+62 (633) 292-4759
Adela,O'Fogarty,aofogartykf@sbwire.com,+54 (497) 422-7709
Shepherd,Scatcher,sscatcherkg@ameblo.jp,+86 (501) 286-0800
Trixie,Brammer,tbrammerkh@google.fr,+380 (188) 110-5056
Mordy,Thursfield,mthursfieldki@google.fr,+1 (208) 236-4493
Aurlie,Paramor,aparamorkj@nymag.com,+86 (704) 633-6932
Dorisa,Champkins,dchampkinskk@joomla.org,+81 (334) 600-5686
Pattie,Riolfi,priolfikl@goodreads.com,+503 (104) 270-0511
Anne,Rendbaek,arendbaekkm@biblegateway.com,+86 (152) 538-4889
Thor,Phythien,tphythienkn@indiatimes.com,+36 (977) 580-5275
Svend,Loder,sloderko@goo.ne.jp,+994 (736) 571-0636
Adena,Conner,aconnerkp@yellowpages.com,+54 (845) 606-4136
Tiffanie,Yanshinov,tyanshinovkq@webs.com,+86 (847) 667-7386
Kala,Kermit,kkermitkr@ucla.edu,+62 (134) 621-0180
Neda,Warry,nwarryks@cbc.ca,+381 (710) 757-8022
Elysee,Clutheram,eclutheramkt@hibu.com,+98 (581) 483-3454
Chrissy,Deverick,cdeverickku@hp.com,+81 (916) 373-3706
Deirdre,Durrell,ddurrellkv@ox.ac.uk,+60 (903) 909-5552
Amabelle,Toun,atounkw@nbcnews.com,+994 (647) 103-4269
Alvinia,Sawdy,asawdykx@photobucket.com,+977 (791) 398-5817
Laurel,Cargon,lcargonky@yolasite.com,+86 (931) 155-1794
Fitzgerald,Botton,fbottonkz@163.com,+386 (167) 981-5361
Farah,Boulter,fboulterl0@hexun.com,+351 (263) 889-9568
Rolfe,Mirando,rmirandol1@engadget.com,+389 (895) 463-2856
Evaleen,Munt,emuntl2@ustream.tv,+7 (505) 951-6255
Dunc,Donaghie,ddonaghiel3@usgs.gov,+51 (106) 404-7844
Kelvin,Ravenshaw,kravenshawl4@gnu.org,+48 (566) 191-4045
Ruperto,Doidge,rdoidgel5@yahoo.co.jp,+62 (111) 239-6492
Addie,O'Shevlan,aoshevlanl6@arstechnica.com,+62 (985) 390-6567
Barrie,Alejo,balejol7@php.net,+54 (319) 817-4665
Mandi,McKee,mmckeel8@ted.com,+33 (518) 703-0954
Portie,Willingale,pwillingalel9@smugmug.com,+86 (846) 245-3405
Terrijo,Donizeau,tdonizeaula@youku.com,+502 (566) 670-2115
Kamilah,Eaden,keadenlb@domainmarket.com,+86 (839) 896-3723
Wolfgang,Vogeller,wvogellerlc@timesonline.co.uk,+86 (994) 497-3019
Jerry,Donson,jdonsonld@apache.org,+380 (642) 923-1408
Fenelia,Sprouls,fsproulsle@ucoz.ru,+504 (285) 415-7006
Charyl,Tenney,ctenneylf@exblog.jp,+86 (450) 909-1504
Rosalind,Wincom,rwincomlg@webeden.co.uk,+63 (442) 886-5204
Nicholle,Theodoris,ntheodorislh@addtoany.com,+1 (407) 173-0920
Ashley,Getty,agettyli@imgur.com,+62 (815) 645-1232
Willard,Pedlingham,wpedlinghamlj@nifty.com,+86 (248) 320-7702
Myrtie,Teodorski,mteodorskilk@umn.edu,+54 (513) 335-7699
Olivier,Bauser,obauserll@jugem.jp,+55 (681) 914-5823
Jennee,Purselow,jpurselowlm@ed.gov,+420 (232) 779-5012
Evyn,Branch,ebranchln@wunderground.com,+420 (424) 491-7211
Elfrida,Gentric,egentriclo@skyrock.com,+63 (203) 887-0505
Coleen,Jakov,cjakovlp@patch.com,+1 (305) 265-2823
Arvie,Griffitts,agriffittslq@bandcamp.com,+86 (313) 329-0223
Verena,Ondrus,vondruslr@jigsy.com,+7 (674) 969-2012
Heinrik,Wolfindale,hwolfindalels@hugedomains.com,+212 (393) 680-2153
Hermann,Laguerre,hlaguerrelt@noaa.gov,+48 (794) 358-0782
Tyson,Dirr,tdirrlu@amazon.com,+1 (299) 278-7690
Dorena,Vassano,dvassanolv@timesonline.co.uk,+48 (850) 206-2766
Rosana,Sandels,rsandelslw@unblog.fr,+995 (796) 973-2401
Win,Krates,wkrateslx@nature.com,+63 (982) 730-5731
Jennilee,Chavez,jchavezly@fema.gov,+98 (890) 432-0203
Fidela,Meryett,fmeryettlz@globo.com,+7 (679) 833-6411
Emalee,Morriss,emorrissm0@creativecommons.org,+86 (286) 647-6225
Lanae,Hannent,lhannentm1@ucla.edu,+48 (885) 441-6404
Noach,Radclyffe,nradclyffem2@google.nl,+55 (167) 704-7802
Jeramie,Gowing,jgowingm3@goo.ne.jp,+62 (650) 346-6435
Lib,Verbrugghen,lverbrugghenm4@imdb.com,+86 (230) 681-8800
Cissy,Pedri,cpedrim5@usatoday.com,+7 (788) 251-0353
Mallorie,Laxen,mlaxenm6@ucoz.ru,+33 (354) 558-3159
Barbabas,Billingsley,bbillingsleym7@fema.gov,+58 (809) 800-2026
Archibald,Shank,ashankm8@simplemachines.org,+251 (448) 855-9283
Daphna,Thay,dthaym9@chronoengine.com,+57 (342) 398-7455
Stefa,Longden,slongdenma@businessweek.com,+86 (842) 763-9607
Stevana,Vango,svangomb@home.pl,+7 (169) 940-5787
Stephen,Brasse,sbrassemc@shop-pro.jp,+263 (300) 643-3149
Bernadine,Warsap,bwarsapmd@cam.ac.uk,+82 (364) 264-7559
Ceil,Blankhorn,cblankhornme@altervista.org,+212 (927) 213-2178
Callida,Willmetts,cwillmettsmf@jugem.jp,+351 (998) 915-0019
Shantee,Cashen,scashenmg@netscape.com,+31 (946) 458-9949
Bran,Jemmett,bjemmettmh@opera.com,+33 (486) 391-7514
Burgess,Devons,bdevonsmi@globo.com,+7 (727) 554-4702
Lyell,Pryn,lprynmj@utexas.edu,+47 (574) 988-7579
Sayers,Von Oertzen,svonoertzenmk@toplist.cz,+48 (966) 869-0970
Benedick,Belvard,bbelvardml@netscape.com,+351 (182) 674-0831
Nissy,Whitton,nwhittonmm@latimes.com,+86 (521) 795-0523
Hamel,Harrower,hharrowermn@bigcartel.com,+63 (484) 258-7959
Vite,Howles,vhowlesmo@dion.ne.jp,+48 (616) 758-5408
Arabele,Slark,aslarkmp@vistaprint.com,+33 (145) 244-4183
Aylmer,Yeld,ayeldmq@jiathis.com,+86 (912) 812-2592
Osgood,Jakuszewski,ojakuszewskimr@paypal.com,+47 (162) 511-7139
Payton,Hance,phancems@hibu.com,+86 (607) 777-3448
Fernanda,Filippucci,ffilippuccimt@google.es,+967 (679) 243-8667
Shell,Laming,slamingmu@dagondesign.com,+27 (567) 906-2809
Dionis,Wiggins,dwigginsmv@nps.gov,+56 (196) 342-2711
Abe,Baudain,abaudainmw@trellian.com,+86 (809) 585-9784
Matt,Brognot,mbrognotmx@odnoklassniki.ru,+351 (643) 335-8623
Tracey,Defont,tdefontmy@tripod.com,+62 (624) 935-3044
Courtney,Cape,ccapemz@latimes.com,+351 (707) 627-5319
Kimmie,O'Shirine,koshirinen0@desdev.cn,+504 (984) 843-3534
Billye,Burgiss,bburgissn1@t-online.de,+973 (136) 158-0831
Jerry,Butland,jbutlandn2@wp.com,+353 (480) 960-9864
Mommy,Nystrom,mnystromn3@imdb.com,+51 (712) 796-0618
Roddie,Brinkley,rbrinkleyn4@sogou.com,+7 (306) 746-4901
Skipp,Scholefield,sscholefieldn5@eepurl.com,+62 (338) 890-0842
Mirabella,Summersby,msummersbyn6@seesaa.net,+372 (991) 269-7196
Timmy,Gillebert,tgillebertn7@auda.org.au,+242 (898) 334-5095
Asa,Nequest,anequestn8@apache.org,+55 (117) 468-9849
Juliann,Andriulis,jandriulisn9@skype.com,+972 (472) 851-7978
Kelsi,Labuschagne,klabuschagnena@jigsy.com,+380 (140) 794-4998
Mariellen,Pudsall,mpudsallnb@tinypic.com,+353 (133) 141-5014
Lexie,Latus,llatusnc@de.vu,+55 (748) 300-6814
Joyous,Northall,jnorthallnd@tmall.com,+7 (860) 386-7581
Rudolf,Yakob,ryakobne@tiny.cc,+420 (706) 276-9154
Porter,Burchnall,pburchnallnf@comsenz.com,+48 (508) 792-6431
Carmina,Bernakiewicz,cbernakiewiczng@un.org,+46 (659) 206-6536
Peri,Musk,pmusknh@whitehouse.gov,+7 (413) 580-0461
Axe,Keyse,akeyseni@ftc.gov,+32 (268) 123-3849
Trude,Arkin,tarkinnj@prnewswire.com,+421 (294) 419-6113
Juditha,Ridoutt,jridouttnk@shop-pro.jp,+63 (274) 742-2270
Blondie,Langan,blangannl@fastcompany.com,+886 (340) 109-7405
Arlena,Poulett,apoulettnm@last.fm,+57 (784) 447-8859
Royce,MacIan,rmaciannn@businessinsider.com,+55 (160) 830-7477
Anthea,Buttery,abutteryno@dedecms.com,+420 (369) 832-7410
Franky,Churchouse,fchurchousenp@networksolutions.com,+86 (714) 397-8485
Bellanca,Lillie,blillienq@netlog.com,+355 (408) 975-5078
Tim,McGivena,tmcgivenanr@vkontakte.ru,+54 (838) 589-2759
Tate,Upsale,tupsalens@fotki.com,+506 (692) 255-0215
Sherm,Dillimore,sdillimorent@scientificamerican.com,+994 (725) 721-2429
Zebedee,Harrop,zharropnu@princeton.edu,+93 (659) 740-3625
Grady,Lander,glandernv@admin.ch,+507 (283) 455-4897
Kelcey,Gendrich,kgendrichnw@tinyurl.com,+66 (158) 467-5244
Lind,Putterill,lputterillnx@answers.com,+86 (939) 854-2809
Gasper,Marmon,gmarmonny@unesco.org,+86 (326) 692-1578
Othilie,Dymick,odymicknz@weibo.com,+509 (960) 528-6912
Faber,Dulanty,fdulantyo0@discuz.net,+62 (868) 103-6754
Terencio,Rozzell,trozzello1@dot.gov,+216 (337) 626-3867
Davy,Cambridge,dcambridgeo2@arizona.edu,+420 (549) 421-7818
Rianon,Filler,rfillero3@mit.edu,+242 (838) 852-0829
Laney,Frango,lfrangoo4@bbb.org,+51 (865) 166-4421
Elenore,Osbourn,eosbourno5@canalblog.com,+62 (874) 122-7785
Hershel,Dixson,hdixsono6@soup.io,+501 (600) 100-0920
Cindelyn,Wisdom,cwisdomo7@dmoz.org,+63 (874) 783-3837
Eilis,Munns,emunnso8@vimeo.com,+62 (517) 301-3340
Graeme,Copcote,gcopcoteo9@hostgator.com,+48 (355) 565-3883
Opalina,O'Kerin,ookerinoa@nationalgeographic.com,+63 (247) 391-7218
Phillida,Skupinski,pskupinskiob@cafepress.com,+260 (752) 193-1476
Jacinthe,Lampl,jlamploc@mashable.com,+269 (898) 249-3966
Ralph,Brozek,rbrozekod@goo.ne.jp,+86 (278) 489-5780
Eydie,Jellico,ejellicooe@dedecms.com,+1 (573) 485-1657
Marla,Bolderson,mboldersonof@mapquest.com,+86 (567) 445-6055
Anastasie,Dosdell,adosdellog@fda.gov,+63 (680) 533-7274
Lanie,Dilger,ldilgeroh@domainmarket.com,+45 (724) 149-4362
Tybalt,Everard,teverardoi@huffingtonpost.com,+33 (878) 564-3927
Harmonia,Demcak,hdemcakoj@chron.com,+385 (491) 299-8473
Kenneth,Blest,kblestok@hc360.com,+267 (444) 617-0123
Mia,Lindeboom,mlindeboomol@wp.com,+63 (351) 900-7984
Ines,Refford,ireffordom@imgur.com,+62 (450) 563-7460
Kata,Perrelli,kperrellion@umich.edu,+86 (242) 697-6210
Jackquelin,Huitt,jhuittoo@webeden.co.uk,+62 (816) 719-9468
Trenton,Vautrey,tvautreyop@apache.org,+996 (846) 155-0994
Ellene,Shrubsall,eshrubsalloq@auda.org.au,+63 (332) 267-1789
Lucine,Trubshaw,ltrubshawor@nih.gov,+385 (940) 338-3882
Nadya,Dyne,ndyneos@ucoz.ru,+86 (958) 618-2266
Davie,D'Costa,ddcostaot@princeton.edu,+86 (909) 635-9726
Corty,Cardello,ccardelloou@businesswire.com,+62 (855) 551-7171
Gertrudis,Dennant,gdennantov@cnet.com,+7 (804) 848-2534
Nessi,Elijah,nelijahow@live.com,+86 (430) 247-2865
Eduino,Wastell,ewastellox@seesaa.net,+47 (973) 358-3417
Abie,Hargreaves,ahargreavesoy@reddit.com,+7 (828) 440-1512
Cosme,Tollfree,ctollfreeoz@google.cn,+86 (971) 713-9611
Guthrey,Fursland,gfurslandp0@aol.com,+57 (814) 915-6188
Hart,Leynagh,hleynaghp1@odnoklassniki.ru,+63 (922) 509-2585
Luce,Catlette,lcatlettep2@gmpg.org,+98 (612) 981-0701
Humfrid,Woonton,hwoontonp3@npr.org,+269 (524) 593-2435
Helen-elizabeth,Regan,hreganp4@google.cn,+63 (776) 126-5456
Lock,Plaschke,lplaschkep5@wisc.edu,+62 (240) 809-0486
Jere,Oleksinski,joleksinskip6@dell.com,+62 (995) 882-2934
Prissie,De Domenicis,pdedomenicisp7@netvibes.com,+86 (800) 455-1072
Marcelline,Lettley,mlettleyp8@mac.com,+86 (874) 591-9108
Gwenette,Doeg,gdoegp9@hud.gov,+385 (104) 559-4577
Bailey,Santos,bsantospa@dell.com,+84 (386) 624-8458
Kenna,Roskelly,kroskellypb@so-net.ne.jp,+234 (831) 400-4429
De witt,Felce,dfelcepc@dagondesign.com,+33 (792) 993-7322
Aylmer,Whannel,awhannelpd@upenn.edu,+62 (655) 675-2061
Marven,Jaskowicz,mjaskowiczpe@dell.com,+86 (332) 788-1250
Cortney,Gatchel,cgatchelpf@time.com,+225 (320) 745-9302
Tiphanie,Hallifax,thallifaxpg@bing.com,+86 (145) 744-2005
Karia,Syrett,ksyrettph@etsy.com,+7 (320) 224-5716
Estrellita,Foulcher,efoulcherpi@theatlantic.com,+1 (285) 847-8016
Abbey,Renowden,arenowdenpj@newsvine.com,+503 (298) 563-6250
Addy,Marre,amarrepk@acquirethisname.com,+34 (122) 289-4239
Ethelin,Delany,edelanypl@sohu.com,+1 (540) 278-9346
Madella,Nelsen,mnelsenpm@tuttocitta.it,+49 (901) 794-3253
Arri,Bonnavant,abonnavantpn@ovh.net,+86 (148) 321-3195
Bayard,Hynes,bhynespo@latimes.com,+51 (665) 777-7835
Zelig,Dunn,zdunnpp@google.com,+84 (730) 243-4086
Edd,Roney,eroneypq@fema.gov,+66 (621) 683-1151
Lillian,Brimm,lbrimmpr@yandex.ru,+86 (371) 439-7852
Blondelle,Thaller,bthallerps@opera.com,+420 (537) 426-8809
Keen,Ramelet,krameletpt@bloglovin.com,+49 (786) 604-7688
Seka,Ruller,srullerpu@godaddy.com,+20 (195) 665-8973
Zelig,Teulier,zteulierpv@fema.gov,+33 (172) 997-1838
Melvin,Borrell,mborrellpw@wunderground.com,+48 (285) 219-7045
Bendick,Haugen,bhaugenpx@privacy.gov.au,+380 (639) 815-7973
Catriona,Trehearn,ctrehearnpy@digg.com,+236 (921) 624-7302
Ulrich,Waud,uwaudpz@mail.ru,+55 (910) 914-6758
Lemmie,Thornton,lthorntonq0@netscape.com,+53 (546) 891-7506
Tiffie,Ravenscroftt,travenscrofttq1@gov.uk,+7 (797) 824-2686
Skye,Casier,scasierq2@gnu.org,+48 (847) 446-7871
Jessie,Goforth,jgoforthq3@npr.org,+86 (958) 469-6483
Sayre,Fominov,sfominovq4@hc360.com,+60 (736) 209-5078
Rhianna,Bedrosian,rbedrosianq5@princeton.edu,+86 (757) 541-7754
Lyle,Springtorp,lspringtorpq6@forbes.com,+86 (507) 319-4174
Barret,Scherme,bschermeq7@ft.com,+63 (459) 452-4011
Joye,Lapish,jlapishq8@linkedin.com,+51 (167) 440-1141
Fredia,Loxly,floxlyq9@nymag.com,+502 (274) 139-5465
Gerome,Kliner,gklinerqa@1und1.de,+380 (299) 244-8945
Marline,Rudolfer,mrudolferqb@nature.com,+358 (295) 228-0836
Oralle,Crissil,ocrissilqc@cloudflare.com,+420 (256) 467-3654
Joelly,Poe,jpoeqd@hostgator.com,+55 (703) 206-3323
Amye,Casham,acashamqe@addthis.com,+62 (935) 766-6557
Dorothee,Layzell,dlayzellqf@cornell.edu,+7 (138) 571-4088
Timofei,Levin,tlevinqg@prnewswire.com,+86 (274) 853-9586
Miof mela,Aloshkin,maloshkinqh@ask.com,+46 (909) 849-4859
Bobette,Guion,bguionqi@symantec.com,+82 (701) 611-4096
Prentiss,Polding,ppoldingqj@latimes.com,+86 (185) 802-5330
Colin,Banbrook,cbanbrookqk@hud.gov,+7 (306) 439-4896
Cal,Carlozzi,ccarlozziql@sfgate.com,+420 (354) 859-3067
Haywood,Shingfield,hshingfieldqm@narod.ru,+7 (681) 911-9208
Dell,Timbs,dtimbsqn@sohu.com,+63 (601) 727-6038
Candice,Vynoll,cvynollqo@hatena.ne.jp,+30 (800) 124-4925
Maude,Endacott,mendacottqp@odnoklassniki.ru,+86 (957) 700-4943
Normand,Strang,nstrangqq@google.ru,+48 (732) 517-0036
Tadeas,Reisenberg,treisenbergqr@nifty.com,+86 (151) 893-3947
Benedick,Dourin,bdourinqs@slideshare.net,+62 (791) 117-9501
Merissa,Stubbings,mstubbingsqt@china.com.cn,+63 (883) 880-3561
Kimmie,Hanbury,khanburyqu@fastcompany.com,+33 (311) 573-8705
Arin,Banasiak,abanasiakqv@dot.gov,+86 (102) 249-4466
Seka,Giannazzo,sgiannazzoqw@prlog.org,+66 (923) 478-5740
Leshia,Alway,lalwayqx@naver.com,+57 (149) 184-5228
Lammond,Scurry,lscurryqy@1und1.de,+57 (696) 910-5368
Leonanie,Noirel,lnoirelqz@buzzfeed.com,+63 (936) 287-4405
Laureen,MacGall,lmacgallr0@latimes.com,+86 (824) 132-3810
Karalee,Adamini,kadaminir1@ustream.tv,+95 (897) 866-1300
Lukas,Feaveer,lfeaveerr2@hexun.com,+1 (814) 500-5554
Rowan,Borrill,rborrillr3@over-blog.com,+380 (312) 513-8691
Dari,Belsher,dbelsherr4@google.nl,+33 (951) 200-2424
Dannie,Farr,dfarrr5@twitter.com,+57 (418) 424-8116
Candie,Hoffner,choffnerr6@amazon.co.uk,+86 (673) 512-9317
Bale,Giacobelli,bgiacobellir7@feedburner.com,+216 (816) 265-4412
Orran,Osmon,oosmonr8@mlb.com,+66 (116) 169-2388
Phineas,Boyn,pboynr9@godaddy.com,+86 (684) 715-4842
Cathrin,Blackhall,cblackhallra@sakura.ne.jp,+351 (879) 206-5737
Selestina,Cleatherow,scleatherowrb@twitter.com,+420 (635) 926-6493
Lida,Brugh,lbrughrc@fc2.com,+420 (680) 146-5207
Wayland,Sanday,wsandayrd@bing.com,+62 (769) 877-8505
Cordy,Stockwell,cstockwellre@house.gov,+86 (107) 913-2775
Lawton,Taunton,ltauntonrf@geocities.jp,+86 (531) 417-2322
Jemmy,Jindracek,jjindracekrg@nature.com,+420 (180) 764-3104
Harald,Capeloff,hcapeloffrh@addtoany.com,+86 (298) 922-6519
Jedidiah,Ingilson,jingilsonri@clickbank.net,+507 (907) 900-8147
Leesa,McPeck,lmcpeckrj@berkeley.edu,+55 (234) 288-3071
Bianca,Adnams,badnamsrk@gmpg.org,+86 (827) 414-6544
Trisha,Stronghill,tstronghillrl@spotify.com,+62 (890) 551-5046
Edithe,Bremen,ebremenrm@friendfeed.com,+63 (563) 104-3313
Craig,Barthrop,cbarthroprn@zdnet.com,+86 (152) 897-0930
Herb,Mannering,hmanneringro@ox.ac.uk,+81 (962) 222-9107
Chan,Brookhouse,cbrookhouserp@wikia.com,+62 (296) 216-1902
Gerardo,Siebert,gsiebertrq@ebay.com,+502 (198) 808-5976
Gizela,Crampsy,gcrampsyrr@umn.edu,+1 (859) 470-4625
